{
  "id": "2601435",
  "name": "antenta-ui",
  "font_family": "an-icon",
  "css_prefix_text": "an-icon-",
  "description": "",
  "glyphs": [
    {
      "icon_id": "7827250",
      "name": "warning_s",
      "font_class": "warning",
      "unicode": "e655",
      "unicode_decimal": 58965
    },
    {
      "icon_id": "11866963",
      "name": "danger",
      "font_class": "danger",
      "unicode": "e656",
      "unicode_decimal": 58966
    },
    {
      "icon_id": "15030233",
      "name": "success",
      "font_class": "success",
      "unicode": "e617",
      "unicode_decimal": 58903
    },
    {
      "icon_id": "15543496",
      "name": "info",
      "font_class": "info",
      "unicode": "e69e",
      "unicode_decimal": 59038
    },
    {
      "icon_id": "10519538",
      "name": "减",
      "font_class": "jian",
      "unicode": "e600",
      "unicode_decimal": 58880
    },
    {
      "icon_id": "17063160",
      "name": "view",
      "font_class": "view",
      "unicode": "e685",
      "unicode_decimal": 59013
    },
    {
      "icon_id": "2077519",
      "name": "保存",
      "font_class": "preservation",
      "unicode": "e638",
      "unicode_decimal": 58936
    },
    {
      "icon_id": "2077520",
      "name": "侧滑",
      "font_class": "sideslip",
      "unicode": "e639",
      "unicode_decimal": 58937
    },
    {
      "icon_id": "2077522",
      "name": "打印",
      "font_class": "print",
      "unicode": "e63a",
      "unicode_decimal": 58938
    },
    {
      "icon_id": "2077524",
      "name": "导入",
      "font_class": "import",
      "unicode": "e63b",
      "unicode_decimal": 58939
    },
    {
      "icon_id": "2077525",
      "name": "关闭",
      "font_class": "close",
      "unicode": "e63c",
      "unicode_decimal": 58940
    },
    {
      "icon_id": "2077526",
      "name": "关联",
      "font_class": "link",
      "unicode": "e63d",
      "unicode_decimal": 58941
    },
    {
      "icon_id": "2077527",
      "name": "调整",
      "font_class": "adjustment",
      "unicode": "e63e",
      "unicode_decimal": 58942
    },
    {
      "icon_id": "2077528",
      "name": "导出",
      "font_class": "export",
      "unicode": "e63f",
      "unicode_decimal": 58943
    },
    {
      "icon_id": "2077529",
      "name": "分配",
      "font_class": "distribution",
      "unicode": "e640",
      "unicode_decimal": 58944
    },
    {
      "icon_id": "2077531",
      "name": "密码",
      "font_class": "lock",
      "unicode": "e641",
      "unicode_decimal": 58945
    },
    {
      "icon_id": "2077532",
      "name": "日历",
      "font_class": "calendar",
      "unicode": "e642",
      "unicode_decimal": 58946
    },
    {
      "icon_id": "2077534",
      "name": "全屏",
      "font_class": "full",
      "unicode": "e643",
      "unicode_decimal": 58947
    },
    {
      "icon_id": "2077535",
      "name": "确认",
      "font_class": "yes",
      "unicode": "e644",
      "unicode_decimal": 58948
    },
    {
      "icon_id": "2077537",
      "name": "筛选",
      "font_class": "screen",
      "unicode": "e645",
      "unicode_decimal": 58949
    },
    {
      "icon_id": "2077538",
      "name": "删除",
      "font_class": "delete",
      "unicode": "e646",
      "unicode_decimal": 58950
    },
    {
      "icon_id": "2077541",
      "name": "刷新",
      "font_class": "refresh",
      "unicode": "e647",
      "unicode_decimal": 58951
    },
    {
      "icon_id": "2077543",
      "name": "设置",
      "font_class": "settings",
      "unicode": "e648",
      "unicode_decimal": 58952
    },
    {
      "icon_id": "2077544",
      "name": "同步",
      "font_class": "synchronization",
      "unicode": "e649",
      "unicode_decimal": 58953
    },
    {
      "icon_id": "2077545",
      "name": "向上_箭头",
      "font_class": "up",
      "unicode": "e64a",
      "unicode_decimal": 58954
    },
    {
      "icon_id": "2077547",
      "name": "向下箭头",
      "font_class": "down",
      "unicode": "e64b",
      "unicode_decimal": 58955
    },
    {
      "icon_id": "2077548",
      "name": "文件夹",
      "font_class": "file",
      "unicode": "e64c",
      "unicode_decimal": 58956
    },
    {
      "icon_id": "2077550",
      "name": "向左箭头",
      "font_class": "left",
      "unicode": "e64d",
      "unicode_decimal": 58957
    },
    {
      "icon_id": "2077551",
      "name": "新增",
      "font_class": "add",
      "unicode": "e64e",
      "unicode_decimal": 58958
    },
    {
      "icon_id": "2077553",
      "name": "向右箭头",
      "font_class": "right",
      "unicode": "e64f",
      "unicode_decimal": 58959
    },
    {
      "icon_id": "2077556",
      "name": "消息",
      "font_class": "message",
      "unicode": "e650",
      "unicode_decimal": 58960
    },
    {
      "icon_id": "2077587",
      "name": "退出",
      "font_class": "quit",
      "unicode": "e651",
      "unicode_decimal": 58961
    },
    {
      "icon_id": "2077714",
      "name": "编辑",
      "font_class": "edit",
      "unicode": "e652",
      "unicode_decimal": 58962
    },
    {
      "icon_id": "2077715",
      "name": "用户",
      "font_class": "user",
      "unicode": "e653",
      "unicode_decimal": 58963
    },
    {
      "icon_id": "2077822",
      "name": "搜索",
      "font_class": "search",
      "unicode": "e654",
      "unicode_decimal": 58964
    },
    {
      "icon_id": "2366778",
      "name": "复制",
      "font_class": "copy",
      "unicode": "e668",
      "unicode_decimal": 58984
    }
  ]
}
